dataset_id,title,collection,collection_doi,licence,used_in
cd2f23c1-aef1-48ae-8eb4-0bcf124e567d,A (Balanced) Bone Marrow Reference Map of Hematopoietic Development,A Balanced Bone Marrow Reference Map of Hematopoietic Development,10.1158/2643-3230.BCD-24-0342,CC BY 4.0,immune
43245158-5ae1-4e71-a9a6-67eef49c26bc,scRNA-seq of vascular tissue,A Coding and Non-Coding Atlas of the Human Arterial Cell,10.1101/2024.09.10.612293,CC BY 4.0,heart
b61a921b-7fa3-4b42-b455-aaaf32447920,A Unique Cellular Organization of Human Distal Airways and Its Disarray in Chronic Obstructive Pulmonary Disease,A Unique Cellular Organization of Human Distal Airways and Its Disarray in Chronic Obstructive Pulmonary Disease,10.1164/rccm.202207-1384OC,CC BY 4.0,lung
59b69042-47c2-47fd-ad03-d21beb99818f,Individual Single-Cell RNA-seq PBMC Data from Arunachalam et al.,A Web Portal and Workbench for Biological Dissection of Single Cell COVID-19 Host Responses,10.1016/j.isci.2021.103115,CC BY 4.0,immune
5e717147-0f75-4de1-8bd2-6fda01b8d75f,Individual Single-Cell RNA-seq PBMC Data from Schulte-Schrepping et al.,A Web Portal and Workbench for Biological Dissection of Single Cell COVID-19 Host Responses,10.1016/j.isci.2021.103115,CC BY 4.0,immune
ebc2e1ff-c8f9-466a-acf4-9d291afaf8b3,"COMBAT project: single cell gene expression data from COVID-19, sepsis and flu patient PBMCs",A blood atlas of COVID-19 defines hallmarks of disease severity and specificity,10.1016/j.cell.2022.01.012,CC BY 4.0,immune
0436a180-cb44-47ba-8ffa-807b7a468469,Fallopian tube samples from pre- and post-menopausal humans,A cell atlas of the human fallopian tube throughout the menstrual cycle and menopause,10.1038/s41467-024-55440-2,CC BY 4.0,female_reproductive
9a64bf99-ebe5-4276-93a8-bee9dff1cd47,Single-Cell RNA Sequencing of Breast Tissues: Cell Subtypes and Cancer Risk Factors,A human breast atlas integrating single-cell proteomics and transcriptomics,10.1016/j.devcel.2022.05.003,CC BY 4.0,breast
90d4a63b-5c02-43eb-acde-c49345681601,Fallopian tube RNA,A molecular atlas of the human postmenopausal fallopian tube and ovary from single-cell RNA and ATAC sequencing,10.1016/j.celrep.2022.111838,CC BY 4.0,female_reproductive
d1207c81-7309-43a7-a5a0-f4283670b62b,Ovary RNA,A molecular atlas of the human postmenopausal fallopian tube and ovary from single-cell RNA and ATAC sequencing,10.1016/j.celrep.2022.111838,CC BY 4.0,female_reproductive
8c42cfd0-0b0a-46d5-910c-fc833d83c45e,"Krasnow Lab Human Lung Cell Atlas, 10X",A molecular cell atlas of the human lung from single cell RNA sequencing,10.1038/s41586-020-2922-4,CC BY 4.0,lung
e04daea4-4412-45b5-989e-76a9be070a89,"Krasnow Lab Human Lung Cell Atlas, Smart-seq2",A molecular cell atlas of the human lung from single cell RNA sequencing,10.1038/s41586-020-2922-4,CC BY 4.0,lung
d8da613f-e681-4c69-b463-e94f5e66847f,A molecular single-cell lung atlas of lethal COVID-19,A molecular single-cell lung atlas of lethal COVID-19,10.1038/s41586-021-03569-1,CC BY 4.0,lung
d3cb449b-c2b1-4b50-a7f1-21203535fe61,Parkinson's disease,A multi-region single nucleus transcriptomic atlas of Parkinson’s disease,10.1038/s41597-024-04117-y,CC BY 4.0,cortex
019c7af2-c827-4454-9970-44d5e39ce068,A proximal-to-distal survey of healthy adult human small intestine and colon epithelium by single-cell transcriptomics,A proximal-to-distal survey of healthy adult human small intestine and colon epithelium by single-cell transcriptomics,10.1016/j.jcmgh.2022.02.007,CC BY 4.0,gut
ca46ffe6-0a26-4d8d-82fa-81722daf1102,A Single-Cell Atlas of Human White Adipose Tissue,A single-cell atlas of human and mouse white adipose tissue,10.1038/s41586-022-04518-2,CC BY 4.0,adipose
de985818-285f-4f59-9dbd-d74968fddba3,A single-cell atlas of the healthy breast tissues reveals clinically relevant clusters of breast epithelial cells,A single-cell atlas of the healthy breast tissues reveals clinically relevant clusters of breast epithelial cells,10.1016/j.xcrm.2021.100219,CC BY 4.0,breast
d5c67a4e-a8d9-456d-a273-fa01adb1b308,Retina,A single-cell transcriptome atlas of the adult human retina,10.15252/embj.2018100811,CC BY 4.0,eye
093d3bfe-6f0f-4ac0-a7a1-829f94d0a49f,All cells and nuclei,A spatially resolved atlas of the human lung characterizes a gland-associated immune niche,10.1038/s41588-022-01243-4,CC BY 4.0,lung
842c6f5d-4a94-4eef-8510-8c792d1124bc,scRNA-seq data - all cells,A spatially resolved single cell genomic atlas of the adult human breast,10.1038/s41586-023-06252-9,CC BY 4.0,breast
7f08cbcc-5790-4576-8478-10e9a999b316,snRNA-seq data - all cells,A spatially resolved single cell genomic atlas of the adult human breast,10.1038/s41586-023-06252-9,CC BY 4.0,breast
d7291f04-fbbb-4d65-990a-f01fa44e915b,Single-cell RNA-seq for all cortical & hippocampal regions (10x),A taxonomy of transcriptomic cell types across the isocortex and hippocampal formation,10.1016/j.cell.2021.04.021,CC BY 4.0,mouse_brain
812fa7bd-db15-4357-b2c9-efc8e1eb0450,Single-cell RNA-seq for all cortical & hippocampal regions (SMART-Seq v4),A taxonomy of transcriptomic cell types across the isocortex and hippocampal formation,10.1016/j.cell.2021.04.021,CC BY 4.0,mouse_brain
e0ed3c55-aff6-4bb7-b6ff-98a2d90b890c,A transcriptomic atlas of the mouse cerebellum,A transcriptomic atlas of the mouse cerebellum reveals regional specializations and novel cell types,10.1101/2020.03.04.976407,CC BY 4.0,mouse_brain
dea717d4-7bc0-4e46-950f-fd7e1cc8df7d,Single-cell RNA-seq of the Adult Human Kidney (Version 1.5),An atlas of healthy and injured cell states and niches in the human kidney (Version 1.5),,CC BY 4.0,kidney
a12ccb9b-4fbe-457d-8590-ac78053259ef,Single-nucleus RNA-seq of the Adult Human Kidney (Version 1.5),An atlas of healthy and injured cell states and niches in the human kidney (Version 1.5),,CC BY 4.0,kidney
35081d47-99bf-4507-9541-735428df9a9f,An integrated transcriptomic and epigenomic atlas of mouse primary motor cortex cell types,An integrated transcriptomic and epigenomic atlas of mouse primary motor cortex cell types,10.1038/s41586-021-03500-8,CC BY 4.0,mouse_brain
8fbed309-d3d4-441b-b3ff-e2dcbcec2d35,Anomalous Epithelial Variations and Ectopic Inflammatory Response in Chronic Obstructive Pulmonary Disease,Anomalous Epithelial Variations and Ectopic Inflammatory Response in Chronic Obstructive Pulmonary Disease,10.1165/rcmb.2021-0555OC,CC BY 4.0,lung
c838aec3-03ef-4398-b882-0e3912abfff0,"AIDA Phase 1 Data Freeze v2: Chinese, Indian, Japanese, Korean, Malay, and Thai donors in Japan, Singapore, South Korea, Thailand, and India",Asian Immune Diversity Atlas (AIDA),10.1016/j.cell.2025.02.017,CC BY 4.0,immune
a20e2f2a-e171-450a-8ddc-8935c2977ad6,Bone_marrow,Automatic cell-type harmonization and integration across Human Cell Atlas datasets,10.1016/j.cell.2023.11.026,CC BY 4.0,immune
364bd0c7-f7fd-48ed-99c1-ae26872b1042,Heart,Automatic cell-type harmonization and integration across Human Cell Atlas datasets,10.1016/j.cell.2023.11.026,CC BY 4.0,heart
74014ef8-d2d0-4cbc-8ba2-037f30753ffd,Hippocampus,Automatic cell-type harmonization and integration across Human Cell Atlas datasets,10.1016/j.cell.2023.11.026,CC BY 4.0,cortex
1d89d081-f43d-401a-be76-bd6ef9259f4e,Liver,Automatic cell-type harmonization and integration across Human Cell Atlas datasets,10.1016/j.cell.2023.11.026,CC BY 4.0,liver
15d374d6-0dfd-4d8e-ade7-81f73dc921ee,Skeletal_muscle,Automatic cell-type harmonization and integration across Human Cell Atlas datasets,10.1016/j.cell.2023.11.026,CC BY 4.0,muscle
c05e6940-729c-47bd-a2a6-6ce3730c4919,white matter - all cells,"Brain matters: Unveiling the Distinct Contributions of Region, Age, and Sex to Glia diversity and CNS Function",10.1186/s40478-023-01568-z,CC BY 4.0,cortex
203025fe-fa99-4d57-81da-458ed8f0c334,Brain vascular single-cell multi-omics elucidates disease risk associations - snRNA-seq,Brain vascular single-cell multi-omics elucidates disease risk associations,,CC BY 4.0,cortex
a199ca73-035d-44e2-9893-4c493151db21,CITEseq of JDM PBMCs,CITEseq of JDM PBMCs,10.1172/jci.insight.176963,CC BY 4.0,immune
9dbab10c-118d-496b-966a-67f1763a6b7d,Large-scale single-cell analysis reveals critical immune characteristics of COVID-19 patients,COVID-19 immune features revealed by a large-scale single-cell transcriptome atlas,10.1016/j.cell.2021.01.053,CC BY 4.0,immune
242c6e7f-9016-4048-af70-d631f5eea188,"Circulating Immune cells -- CV19 infection, vaccination and HC",COVID-19 mRNA vaccine elicits a potent adaptive immune response in the absence of persistent inflammation observed in SARS-CoV-2 infection,10.1016/j.isci.2023.108572,CC BY 4.0,immune
5cdbb2ea-c622-466d-9ead-7884ad8cb99f,Amacrine cells of the human fovea and peripheral retina,Cell Atlas of The Human Fovea and Peripheral Retina,10.1038/s41598-020-66092-9,CC BY 4.0,eye
8623d55f-d91c-41c2-ae68-ed2072fd268d,Bipolar cells of the human fovea and peripheral retina,Cell Atlas of The Human Fovea and Peripheral Retina,10.1038/s41598-020-66092-9,CC BY 4.0,eye
bc7260e0-54cf-4b0b-823d-93f5b850f757,Non-neuronal cells of the human fovea and peripheral retina,Cell Atlas of The Human Fovea and Peripheral Retina,10.1038/s41598-020-66092-9,CC BY 4.0,eye
7b75b2c4-6d99-40be-9a61-391455d859e6,Photoreceptor cells of the human fovea and peripheral retina,Cell Atlas of The Human Fovea and Peripheral Retina,10.1038/s41598-020-66092-9,CC BY 4.0,eye
d319af7f-be2e-441e-8caa-3b8a88480e89,Retinal ganglion cells of the human fovea and peripheral retina,Cell Atlas of The Human Fovea and Peripheral Retina,10.1038/s41598-020-66092-9,CC BY 4.0,eye
a4157949-6f2a-40e2-b960-63f6e2bde918,Central Cornea,Cell atlas of the human ocular anterior segment: Tissue-specific and shared cell types,10.1073/pnas.2200914119,CC BY 4.0,eye
1196334f-a441-474a-95ee-400780941690,Ciliary Body,Cell atlas of the human ocular anterior segment: Tissue-specific and shared cell types,10.1073/pnas.2200914119,CC BY 4.0,eye
9a281de7-cee5-4e80-8584-1929f46f152f,Iris,Cell atlas of the human ocular anterior segment: Tissue-specific and shared cell types,10.1073/pnas.2200914119,CC BY 4.0,eye
489318a0-24c3-4f5c-b105-f084ed0ea026,Lens,Cell atlas of the human ocular anterior segment: Tissue-specific and shared cell types,10.1073/pnas.2200914119,CC BY 4.0,eye
d967b47c-a9e6-4337-b2f4-977f690cb67f,Trabecular Meshwork and Corneal Scleral wedge,Cell atlas of the human ocular anterior segment: Tissue-specific and shared cell types,10.1073/pnas.2200914119,CC BY 4.0,eye
d4e69e01-3ba2-4d6b-a15d-e7048f78f22e,All — Cells of the adult human heart,Cells of the adult human heart,10.1038/s41586-020-2797-4,CC BY 4.0,heart
80a2c5b6-02e7-4fc0-9f12-179f5247c1bc,Total - Cells of the human intestinal tract mapped across space and time,Cells of the human intestinal tract mapped across space and time,10.1038/s41586-021-03852-1,CC BY 4.0,gut; immune
72eb2332-b308-4014-8d25-95233a9aff1e,snRNA-seq data for mouse cerebella from 9-12 developmental stages,Cellular development and evolution of the mammalian cerebellum,10.1038/s41586-023-06884-x,CC BY 4.0,mouse_brain
8f3e7fcf-0b16-4a29-a5f1-a7a8b267d689,All cells type from five healthy donors,Cellular heterogeneity and dynamics of the human uterus in healthy premenopausal women,10.1073/pnas.2404775121,CC BY 4.0,female_reproductive
b693123e-95e6-4331-8b50-f367489a767e,scRNA-seq analysis of human fallopian tubes in healthy Vs. hydrosalphinx states,Cellular heterogeneity of human fallopian tubes in normal and hydrosalpinx disease states identified by scRNA-seq,10.1101/2021.09.16.460628,CC BY 4.0,female_reproductive
ee195b7d-184d-4dfa-9b1c-51a7e601ac11,Adult duodenum,Charting human development using a multi-endodermal organ atlas and organoid models,10.1016/j.cell.2021.04.028,CC BY 4.0,gut
2adb1f8a-a6b1-4909-8ee8-484814e2d4bf,Construction of a human cell landscape at single-cell level,Construction of a human cell landscape at single-cell level,10.1038/s41586-020-2157-4,CC BY 4.0,gut; heart; immune; kidney; liver; lung
98f5d518-1e60-4307-b732-ab045cd3cbc2,"Frontal cortex samples from C9-ALS, C9-ALS/FTD and age matched control brains","Cortical brain samples from C9-ALS, C9-ALS/FTD, C9-FTD patients and age matched controls",10.1007/s00401-023-02599-5,CC BY 4.0,cortex
3b8b5de4-3aa1-4ac6-8890-8d03c8219981,Frontal cortex samples from C9-FTD and age matched control brains,"Cortical brain samples from C9-ALS, C9-ALS/FTD, C9-FTD patients and age matched controls",10.1007/s00401-023-02599-5,CC BY 4.0,cortex
0bc7235a-ae5a-479d-a487-510435377e55,"Occipital cortex samples from C9-ALS, C9-ALS/FTD and age matched control brains","Cortical brain samples from C9-ALS, C9-ALS/FTD, C9-FTD patients and age matched controls",10.1007/s00401-023-02599-5,CC BY 4.0,cortex
e6361237-ac4e-4c5d-ad8f-f16aca0c0a8f,Occipital cortex samples from C9-FTD and age matched control brains,"Cortical brain samples from C9-ALS, C9-ALS/FTD, C9-FTD patients and age matched controls",10.1007/s00401-023-02599-5,CC BY 4.0,cortex
ac0c6561-7a48-4185-af6f-af799f699172,All Cells - snRNA-seq,Cross-dementia human brain snRNA-seq (Rexach et al 2024),10.1016/j.cell.2024.08.019,CC BY 4.0,cortex
1b9d8702-5af8-4142-85ed-020eb06ec4f6,Global,Cross-tissue immune cell analysis reveals tissue-specific features in humans,10.1126/science.abl5197,CC BY 4.0,gut; immune; liver; lung
0a2d7e87-c3c0-4ed2-86df-ae18811fcc16,Full Dataset,Deciphering glial contributions to CSF1R-related disorder via single-nuclear transcriptomic profiling,10.1186/s40478-024-01853-5,CC BY 4.0,cortex
f0f0d7c4-3bec-428e-9539-c99d36548d96,Human healthy adult skin scRNA-seq data,Developmental cell programs are co-opted in inflammatory skin disease,10.1126/science.aba6500,CC BY 4.0,skin
de94c504-4b58-4f42-b68d-74a8e4892f0e,UMAP visualization of all 12 datasets,"Differential cell composition and split epidermal differentiation in human palm, sole, and hip skin",10.1016/j.celrep.2023.111994,CC BY 4.0,skin
b617ee1b-f8c8-4de9-b82b-e803ab93550d,A multi-tissue single-cell tumor microenvironment atlas,Dissecting novel myeloid-derived cell states through single-cell RNA-Seq and its impact on clinical outcome across tumor types,10.1038/s41467-024-49916-4,CC BY 4.0,breast; female_reproductive; gut; lung
2872f4b0-b171-46e2-abc6-befcf6de6306,Colon,Distinct microbial and immune niches of the human colon,10.1038/s41590-020-0602-z,CC BY 4.0,gut; immune
1e5bd3b8-6a0e-4959-8d69-cafed30fe814,immune cells,Emphysema Cell Atlas,10.1016/j.immuni.2023.01.032,CC BY 4.0,lung
4b6af54a-4a21-46e0-bc8d-673c0561a836,non-immune cells,Emphysema Cell Atlas,10.1016/j.immuni.2023.01.032,CC BY 4.0,lung
e3ed2ba4-edf5-40ac-8750-8a417ad1eefe,CRLM-NMP-ATLAS,Ex vivo modelling of human colorectal cancer liver metastasis by normothermic machine perfusion,10.1186/s12943-025-02430-7,CC BY 4.0,liver
acd544d0-4d8b-46c7-98b3-fc48f7e6fdb7,snRNA-seq of the human quadriceps tendon,Exploring cellular changes in ruptured human quadriceps tendons at single-cell resolution,10.1113/JP287812,CC BY 4.0,muscle
0b4a15a7-4e9e-4555-9733-2423e5c66469,Single cell RNA-seq data from normal adult kidney tissue,HCA kidney seed network: University of Michigan,,CC BY 4.0,kidney
576f193c-75d0-4a11-bd25-8676587e6dc2,Combined samples,HTAN MSK - Single cell profiling reveals novel tumor and myeloid subpopulations in small cell lung cancer,10.1016/j.ccell.2021.09.008,CC BY 4.0,lung
e40c6272-af77-4a10-9385-62a398884f27,Discovery (DIS) set of human colorectal tumor: Epithelial,HTAN VUMC - Differential pre-malignant programs and microenvironment chart distinct paths to malignancy in human colorectal polyps,10.1016/j.cell.2021.11.031,CC BY 4.0,gut
d6dfdef1-406d-4efb-808c-3c5eddbfe0cb,Validation (Val) set of human colorectal tumor: Epithelial,HTAN VUMC - Differential pre-malignant programs and microenvironment chart distinct paths to malignancy in human colorectal polyps,10.1016/j.cell.2021.11.031,CC BY 4.0,gut
a2c833f7-b7f1-4f4d-ad31-cae478b601b7,Human HYPOMAP single-nucleus data,HYPOMAP: A comprehensive spatio-cellularmap of the human hypothalamus,10.1038/s41586-024-08504-8,CC BY 4.0,cortex
0bae7ebf-eb54-46a6-be9a-3461cecefa4c,Living donor kidney,Healthy living donor kidney,10.1038/s41467-022-35297-z,CC BY 4.0,kidney
7d3ab174-e433-40fc-a352-6fe71b1a19f9,Dissection: Amygdaloid complex (AMY) - Basolateral nuclear group (BLN) - lateral nucleus - La,Human Brain Cell Atlas v1.0,10.1126/science.add7046,CC BY 4.0,cortex
7b316f62-7fa0-4b95-bac9-e90866038a85,Dissection: Amygdaloid complex (AMY) - Central nuclear group - CEN,Human Brain Cell Atlas v1.0,10.1126/science.add7046,CC BY 4.0,cortex
2a8ca8f3-5599-4cda-b973-3a2dfc3c1fe6,Dissection: Amygdaloid complex (AMY) - Corticomedial nuclear group (CMN) - anterior cortical nucleus - CoA,Human Brain Cell Atlas v1.0,10.1126/science.add7046,CC BY 4.0,cortex
fe1a73ab-a203-45fd-84e9-0f7fd19efcbd,Dissection: Amygdaloid complex (AMY) - basolateral nuclear group (BLN) - basolateral nucleus (basal nucleus) - BL,Human Brain Cell Atlas v1.0,10.1126/science.add7046,CC BY 4.0,cortex
4593c820-512d-4805-a10f-c0b864a7cc8c,Dissection: Amygdaloid complex (AMY) - basolateral nuclear group (BLN) - basomedial nucleus (accessory basal nucleus) - BM,Human Brain Cell Atlas v1.0,10.1126/science.add7046,CC BY 4.0,cortex
1185a7d3-a9c1-4280-9ba5-d61895b15cac,Dissection: Amygdaloid complex (AMY) - corticomedial nuclear group - CMN,Human Brain Cell Atlas v1.0,10.1126/science.add7046,CC BY 4.0,cortex
70e4f35b-c98c-45a1-9aa9-2053b07315dd,Dissection: Basal forebrain (BF) - septal nuclei - SEP,Human Brain Cell Atlas v1.0,10.1126/science.add7046,CC BY 4.0,cortex
43b7e156-65b3-4a7b-8c7a-08528e4b21d0,Dissection: Basal forebrain (BF) - substantia innominata and nearby nuclei - SI,Human Brain Cell Atlas v1.0,10.1126/science.add7046,CC BY 4.0,cortex
529bb209-9d7b-44da-bfa4-f6e4745c46c2,Dissection: Basal nuclei (BN) - Body of the Caudate - CaB,Human Brain Cell Atlas v1.0,10.1126/science.add7046,CC BY 4.0,cortex
18500fcd-9960-49cb-8a8e-7d868dc14efe,Dissection: Basal nuclei (BN) - Globus pallidus (GP) - External segment of globus pallidus - GPe,Human Brain Cell Atlas v1.0,10.1126/science.add7046,CC BY 4.0,cortex
ca20e2ac-5676-4158-b5d0-0c2b15898b19,Dissection: Basal nuclei (BN) - Globus pallidus (GP) - Internal segment of globus pallidus - GPi,Human Brain Cell Atlas v1.0,10.1126/science.add7046,CC BY 4.0,cortex
40318d39-3d8f-49f4-8455-a2e1365c5c5b,Dissection: Basal nuclei (BN) - Nucleus Accumbens - NAC,Human Brain Cell Atlas v1.0,10.1126/science.add7046,CC BY 4.0,cortex
f5a04dff-d394-4023-8811-65494e8bb11d,Dissection: Basal nuclei (BN) - Putamen - Pu,Human Brain Cell Atlas v1.0,10.1126/science.add7046,CC BY 4.0,cortex
c4dd26a8-d956-4bee-a233-44b573f2ce27,Dissection: Body of hippocampus (HiB) - Rostral CA1-2,Human Brain Cell Atlas v1.0,10.1126/science.add7046,CC BY 4.0,cortex
182f6a56-7360-4924-a74e-1772e07b3031,Dissection: Body of hippocampus (HiB) - Rostral CA1-CA3,Human Brain Cell Atlas v1.0,10.1126/science.add7046,CC BY 4.0,cortex
d5452b83-7c3d-4d7c-ab7a-c7fece7196c5,Dissection: Body of hippocampus (HiB) - Rostral CA3,Human Brain Cell Atlas v1.0,10.1126/science.add7046,CC BY 4.0,cortex
715327a6-7978-4896-ba91-69d6b04dbbfb,Dissection: Body of hippocampus (HiB) - Rostral DG-CA4,Human Brain Cell Atlas v1.0,10.1126/science.add7046,CC BY 4.0,cortex
4976b234-9028-4b4b-8a2f-8ac59d636219,Dissection: Cerebellum (CB) - Cerebellar Vermis - CBV,Human Brain Cell Atlas v1.0,10.1126/science.add7046,CC BY 4.0,cortex
095940cb-7422-4510-96e2-cbafd961eb88,Dissection: Cerebellum (CB) - Cerebellar deep nuclei - CbDN,Human Brain Cell Atlas v1.0,10.1126/science.add7046,CC BY 4.0,cortex
a59ba9fa-1407-4f15-8c56-d3637421570d,Dissection: Cerebellum (CB) - Lateral hemisphere of cerebellum - CBL,Human Brain Cell Atlas v1.0,10.1126/science.add7046,CC BY 4.0,cortex
46ff9dc2-3d87-4b36-91aa-ffa8aa13c52e,Dissection: Cerebral cortex (Cx) - Anterior parahippocampal gyrus (AG) - Lateral entorhinal cortex - LEC,Human Brain Cell Atlas v1.0,10.1126/science.add7046,CC BY 4.0,cortex
52ea546e-9229-40ef-b048-a2e694dd73e8,"Dissection: Cerebral cortex (Cx) - Anterior parahippocampal gyrus, posterior part (APH) - Medial entorhinal cortex - MEC",Human Brain Cell Atlas v1.0,10.1126/science.add7046,CC BY 4.0,cortex
e5b1115b-a486-49bb-bda3-8261822836e0,Dissection: Cerebral cortex (Cx) - Caudal cingulate gyrus (CgGC) - A23,Human Brain Cell Atlas v1.0,10.1126/science.add7046,CC BY 4.0,cortex
a84face4-eb30-4f43-994f-c6a13a097808,"Dissection: Cerebral cortex (Cx) - Cingulate gyrus, retrosplenial (CgGrs) - A29-A30",Human Brain Cell Atlas v1.0,10.1126/science.add7046,CC BY 4.0,cortex
3f31f8ce-bbf6-4df8-8203-aa240ed03026,"Dissection: Cerebral cortex (Cx) - Cingulate gyrus, rostral (CgGr) - Ventral division of MFC - A24",Human Brain Cell Atlas v1.0,10.1126/science.add7046,CC BY 4.0,cortex
ed33c203-233a-476a-a56b-28da945fdd32,"Dissection: Cerebral cortex (Cx) - Cuneus, caudal part - Peristriate Cortex - V2",Human Brain Cell Atlas v1.0,10.1126/science.add7046,CC BY 4.0,cortex
ff7d15fa-f4b6-4a0e-992e-fd0c9d088ded,"Dissection: Cerebral cortex (Cx) - Cuneus, rostral part - Area Prostriata - Pro",Human Brain Cell Atlas v1.0,10.1126/science.add7046,CC BY 4.0,cortex
421e5f54-5de7-425f-b399-34ead0651ce1,Dissection: Cerebral cortex (Cx) - Frontal agranular insular cortex - FI,Human Brain Cell Atlas v1.0,10.1126/science.add7046,CC BY 4.0,cortex
c7856243-c59a-4b70-8ce7-25b94c2d9da1,Dissection: Cerebral cortex (Cx) - Gyrus rectus (ReG) - Medial orbitofrontal cortex - A14,Human Brain Cell Atlas v1.0,10.1126/science.add7046,CC BY 4.0,cortex
6ed0bb6c-a9e3-4ba6-9436-7c8fd4e206f0,Dissection: Cerebral cortex (Cx) - Inferior frontal gyrus (IFG) - Ventrolateral prefrontal cortex - A44-A45,Human Brain Cell Atlas v1.0,10.1126/science.add7046,CC BY 4.0,cortex
1cf24082-59de-4029-ac81-6e398768af3a,Dissection: Cerebral cortex (Cx) - Inferior temporal gyrus - ITG,Human Brain Cell Atlas v1.0,10.1126/science.add7046,CC BY 4.0,cortex
27d91086-cfe3-4e33-9282-bd1246e5ce8e,Dissection: Cerebral cortex (Cx) - Long insular gyri (LIG) - Dysgranular insular cortex - Idg,Human Brain Cell Atlas v1.0,10.1126/science.add7046,CC BY 4.0,cortex
e1f595f6-ba2c-495e-9bee-7056f116b1e4,Dissection: Cerebral cortex (Cx) - Middle Temporal Gyrus - MTG,Human Brain Cell Atlas v1.0,10.1126/science.add7046,CC BY 4.0,cortex
db1d2c1b-2ee1-45d5-9d53-69a327cd77e6,Dissection: Cerebral cortex (Cx) - Middle frontal gyrus (MFG) - A46,Human Brain Cell Atlas v1.0,10.1126/science.add7046,CC BY 4.0,cortex
f8dda921-5fb4-4c94-a654-c6fc346bfd6d,"Dissection: Cerebral cortex (Cx) - Occipitotemporal (fusiform) gyrus, temporal part (FuGt) - Temporal area TF",Human Brain Cell Atlas v1.0,10.1126/science.add7046,CC BY 4.0,cortex
7db0c178-b0a4-442f-ba54-e9e1633a84bb,Dissection: Cerebral cortex (Cx) - Parietal operculum (PaO) - Gustatory cortex - A43,Human Brain Cell Atlas v1.0,10.1126/science.add7046,CC BY 4.0,cortex
dd03ce70-3243-4c96-9561-330cc461e4d7,Dissection: Cerebral cortex (Cx) - Perirhinal gyrus (PRG) - A35-A36,Human Brain Cell Atlas v1.0,10.1126/science.add7046,CC BY 4.0,cortex
d582f63a-3c88-4e38-8cd3-8682dbe40f64,Dissection: Cerebral cortex (Cx) - Posterior intermediate orbital gyrus (POrG) - Caudal division of OFCi - A13,Human Brain Cell Atlas v1.0,10.1126/science.add7046,CC BY 4.0,cortex
a19b218b-1c0a-4618-b41f-7c216c623ec6,Dissection: Cerebral cortex (Cx) - Posterior parahippocampal gyrus (PPH) - TH-TL,Human Brain Cell Atlas v1.0,10.1126/science.add7046,CC BY 4.0,cortex
f32c2c13-bb1a-4ffd-a457-60b64ecfa4cb,Dissection: Cerebral cortex (Cx) - Precentral gyrus (PrCG) - Primary motor cortex - M1C,Human Brain Cell Atlas v1.0,10.1126/science.add7046,CC BY 4.0,cortex
4d43082e-59cd-43ac-b77d-54d55519c881,Dissection: Cerebral cortex (Cx) - Rostral gyrus (RoG) - Dorsal division of MFC - A32,Human Brain Cell Atlas v1.0,10.1126/science.add7046,CC BY 4.0,cortex
949ec7fc-ac54-47c9-bb6f-ee9e67688cce,Dissection: Cerebral cortex (Cx) - Short insular gyri - Granular insular cortex - Ig,Human Brain Cell Atlas v1.0,10.1126/science.add7046,CC BY 4.0,cortex
77c1c785-809f-4065-8c54-6a0170783256,Dissection: Cerebral cortex (Cx) - Subcallosal Gyrus (SCG) - Subgenual (subcallosal) division of MFC - A25,Human Brain Cell Atlas v1.0,10.1126/science.add7046,CC BY 4.0,cortex
88a01d4a-5197-45be-b5ae-e019aef43376,Dissection: Cerebral cortex (Cx) - Superior Temporal Gyrus - STG,Human Brain Cell Atlas v1.0,10.1126/science.add7046,CC BY 4.0,cortex
fa554686-fc07-44dd-b2de-b726d82d26ec,Dissection: Cerebral cortex (Cx) - Superior occipital gyrus (SOG) - Areas 19 and MT - A19,Human Brain Cell Atlas v1.0,10.1126/science.add7046,CC BY 4.0,cortex
d288b10a-643e-44bd-b451-96e9588b2ee5,Dissection: Cerebral cortex (Cx) - Supramarginal gyrus (SMG) - A40,Human Brain Cell Atlas v1.0,10.1126/science.add7046,CC BY 4.0,cortex
639ffc23-14db-4060-9027-3c90314200f8,Dissection: Cerebral cortex (Cx) - Supraparietal lobule (SPL) - Posterosuperior (dorsal) parietal cortex - A5-A7,Human Brain Cell Atlas v1.0,10.1126/science.add7046,CC BY 4.0,cortex
c2aad8fc-b63b-4f9b-9cfd-baf7bc9c1771,Dissection: Cerebral cortex (Cx) - Temporal pole (TP) - Temporopolar area - A38,Human Brain Cell Atlas v1.0,10.1126/science.add7046,CC BY 4.0,cortex
31f04740-c712-4c4b-a3f8-55c0506b3034,Dissection: Claustrum - Cla,Human Brain Cell Atlas v1.0,10.1126/science.add7046,CC BY 4.0,cortex
93131426-0124-4ab4-a013-9dfbcd99d467,Dissection: Epithalamus - ETH,Human Brain Cell Atlas v1.0,10.1126/science.add7046,CC BY 4.0,cortex
1b767f95-d0a0-4a3d-b394-cc665d86c3dc,Dissection: Extended amygdala (EXA) - Bed nucleus of stria terminalis and nearby - BNST,Human Brain Cell Atlas v1.0,10.1126/science.add7046,CC BY 4.0,cortex
19b21f40-db42-4a71-a0d6-913e83b17784,Dissection: Head of hippocampus (HiH) - Tail of Hippocampus (HiT) - Subicular cortex - Sub,Human Brain Cell Atlas v1.0,10.1126/science.add7046,CC BY 4.0,cortex
acae7679-d077-461c-b857-ee6ccfeb267f,Dissection: Head of hippocampus (HiH) - Uncal CA1,Human Brain Cell Atlas v1.0,10.1126/science.add7046,CC BY 4.0,cortex
3f56901c-dd4a-47d6-b60b-7b0c0111cfb2,Dissection: Head of hippocampus (HiH) - Uncal CA1-CA3,Human Brain Cell Atlas v1.0,10.1126/science.add7046,CC BY 4.0,cortex
bac09168-940b-4b11-8d55-b4955f80b98d,Dissection: Head of hippocampus (HiH) - Uncal CA2-CA3,Human Brain Cell Atlas v1.0,10.1126/science.add7046,CC BY 4.0,cortex
4724c395-0c46-46d2-81f7-60fd271fb488,Dissection: Head of hippocampus (HiH) - Uncal DG-CA4,Human Brain Cell Atlas v1.0,10.1126/science.add7046,CC BY 4.0,cortex
00476f9f-ebc1-4b72-b541-32f912ce36ea,Dissection: Hypothalamus (HTH) - mammillary region of HTH (HTHma),Human Brain Cell Atlas v1.0,10.1126/science.add7046,CC BY 4.0,cortex
5bc23cb2-8cfc-4960-bab1-c3027fbeefc4,Dissection: Hypothalamus (HTH) - mammillary region of HTH (HTHma) - mammillary nucleus - MN,Human Brain Cell Atlas v1.0,10.1126/science.add7046,CC BY 4.0,cortex
f20f44ef-a0d4-4d94-87de-037fd47141f0,Dissection: Hypothalamus (HTH) - mammillary region of HTH (HTHma) - tuberal region of HTH - HTHtub,Human Brain Cell Atlas v1.0,10.1126/science.add7046,CC BY 4.0,cortex
64767efb-49b0-4562-a1bd-e619a5d9db41,Dissection: Hypothalamus (HTH) - preoptic region of HTH - HTHpo,Human Brain Cell Atlas v1.0,10.1126/science.add7046,CC BY 4.0,cortex
03d38670-1444-4001-bc53-9936e61d9b20,"Dissection: Hypothalamus (HTH) - preoptic region of HTH - HTHpo (medial preoptic nucleus, MPN) - supraoptic region of HTH - HTHso (paraventricular nucleus, PV)",Human Brain Cell Atlas v1.0,10.1126/science.add7046,CC BY 4.0,cortex
22658f4f-9268-41ad-8828-cc53f4baa9fa,Dissection: Hypothalamus (HTH) - supraoptic region of HTH - HTHso,Human Brain Cell Atlas v1.0,10.1126/science.add7046,CC BY 4.0,cortex
35c8a04c-8639-4d15-8228-765d8d93fc96,"Dissection: Hypothalamus (HTH) - supraoptic region of HTH - HTHso (anterior hypothalamic nucleus, AHN) - tuberal region of HTH - HTHtub (ventromedial and dorsomedial hypothalamic nucleic nuclei, VMH, DMH)",Human Brain Cell Atlas v1.0,10.1126/science.add7046,CC BY 4.0,cortex
40569510-2282-461b-84df-6218ef208e0e,Dissection: Hypothalamus (HTH) - tuberal region of hypothalamus - HTHtub,Human Brain Cell Atlas v1.0,10.1126/science.add7046,CC BY 4.0,cortex
5e5ab909-f73f-4b57-98a0-6d2c5662f6a4,Dissection: Midbrain (M) - Inferior colliculus and nearby nuclei - IC,Human Brain Cell Atlas v1.0,10.1126/science.add7046,CC BY 4.0,cortex
c5cfa2b7-abb1-4a50-908f-707b54ca606b,Dissection: Midbrain (M) - Periaqueductal gray and Dorsal raphe nucleus - PAG-DR,Human Brain Cell Atlas v1.0,10.1126/science.add7046,CC BY 4.0,cortex
9372df2d-13d6-4fac-980b-919a5b7eb483,Dissection: Midbrain (M) - Periaqueductal gray and nearby nuclei - PAG,Human Brain Cell Atlas v1.0,10.1126/science.add7046,CC BY 4.0,cortex
d6a5b240-cc8f-45c1-ad36-2fc291e15e8e,Dissection: Midbrain (M) - Pretectal region - PTR,Human Brain Cell Atlas v1.0,10.1126/science.add7046,CC BY 4.0,cortex
52f18bc3-52d9-487b-bf8f-f0b7aa684b09,Dissection: Midbrain (M) - Substantia Nigra - SN,Human Brain Cell Atlas v1.0,10.1126/science.add7046,CC BY 4.0,cortex
9ec34295-ab16-47e2-af33-b884143e520b,"Dissection: Midbrain (M) - Substantia Nigra, Red Nucleus, and nearby nuclei - SN-RN",Human Brain Cell Atlas v1.0,10.1126/science.add7046,CC BY 4.0,cortex
a4116666-d295-4443-a174-0acc283f92c4,Dissection: Midbrain (M) - Superior colliculus and nearby nuclei - SC,Human Brain Cell Atlas v1.0,10.1126/science.add7046,CC BY 4.0,cortex
470565f2-5afc-456a-b617-18e4496c04fd,Dissection: Midbrain (RN) - Red Nucleus - RN,Human Brain Cell Atlas v1.0,10.1126/science.add7046,CC BY 4.0,cortex
07b1d7c8-5c2e-42f7-9246-26f746cd6013,Dissection: Myelencephalon (medulla oblongata) (Mo) - afferent nuclei of cranial nerves in medulla oblongata - MoAN,Human Brain Cell Atlas v1.0,10.1126/science.add7046,CC BY 4.0,cortex
f9034091-2e8f-4ac6-9874-e7b7eb566824,Dissection: Myelencephalon (medulla oblongata) (Mo) - medullary reticular formation (MoRF) & efferent nuclei of cranial nerves in the medulla oblongata (MoEN) - MoRF-MoEN,Human Brain Cell Atlas v1.0,10.1126/science.add7046,CC BY 4.0,cortex
1a018108-b4b6-457b-ba15-046d5e98c169,Dissection: Myelencephalon (medulla oblongata) (Mo) - precerebellar nuclei (PrCbN) - inferior olive - IO,Human Brain Cell Atlas v1.0,10.1126/science.add7046,CC BY 4.0,cortex
0ee5ae70-c3f5-473f-bd1c-287f4690ffc5,Dissection: Myelencephalon (medulla oblongata) (Mo) - sensory relay nuclei in medulla oblongata - MoSR,Human Brain Cell Atlas v1.0,10.1126/science.add7046,CC BY 4.0,cortex
f502c312-05dc-4fd4-a762-92a63e92b539,Dissection: Paleocortex (PalCx) - Anterior Olfactory Nucleus - AON,Human Brain Cell Atlas v1.0,10.1126/science.add7046,CC BY 4.0,cortex
d02287f3-408b-438d-9131-999e460cbd0e,Dissection: Paleocortex (PalCx) - Piriform cortex - Pir,Human Brain Cell Atlas v1.0,10.1126/science.add7046,CC BY 4.0,cortex
8039c63d-08b0-4fc9-af0f-5b57f08ca0da,Dissection: Perirhinal cortex (area 35) (A35) - rostral subdivision of area 35 - A35r,Human Brain Cell Atlas v1.0,10.1126/science.add7046,CC BY 4.0,cortex
64f4ad90-a422-400a-944d-4ce0f39594a7,Dissection: Pons (Pn) - Pontine Nucleus - PN,Human Brain Cell Atlas v1.0,10.1126/science.add7046,CC BY 4.0,cortex
f3565fda-499a-4d20-bd92-563c09954c42,Dissection: Pons (Pn) - Pontine reticular formation (PnRF) - parabrachial nuclei - PB,Human Brain Cell Atlas v1.0,10.1126/science.add7046,CC BY 4.0,cortex
7c1c3d47-3166-43e5-9a95-65ceb2d45f78,Dissection: Pons (Pn) - Pontine reticular formation - PnRF,Human Brain Cell Atlas v1.0,10.1126/science.add7046,CC BY 4.0,cortex
77044335-0ac5-4406-9b3f-8cdd3656d67b,Dissection: Pons (Pn) - afferent nuclei of cranial nerves in pons - PnAN,Human Brain Cell Atlas v1.0,10.1126/science.add7046,CC BY 4.0,cortex
900fdf13-150d-4695-9f8c-4c09105ba2eb,Dissection: Pons (Pn) - efferent nuclei of cranial nerves in pons - PnEN,Human Brain Cell Atlas v1.0,10.1126/science.add7046,CC BY 4.0,cortex
7cd3c321-e487-4b51-a8af-9bf671b59fe5,Dissection: Pons (Pn) - other nuclei in pontine tegmentum (XPnTg) - dorsal tegmental nucleus - DTg,Human Brain Cell Atlas v1.0,10.1126/science.add7046,CC BY 4.0,cortex
d2b5efc1-14c6-4b5f-bd98-40f9084872d7,Dissection: Tail of Hippocampus (HiT) - Caudal Hippocampus - CA1-CA3,Human Brain Cell Atlas v1.0,10.1126/science.add7046,CC BY 4.0,cortex
9f499d32-400d-4c42-ac9a-fb1481844fee,Dissection: Tail of Hippocampus (HiT) - Caudal Hippocampus - CA4-DGC,Human Brain Cell Atlas v1.0,10.1126/science.add7046,CC BY 4.0,cortex
e8681d74-ac9e-4be5-be14-1cf1bbd54dd7,Dissection: Thalamus (THM) - Anterior nuclear complex - ANC,Human Brain Cell Atlas v1.0,10.1126/science.add7046,CC BY 4.0,cortex
ed11cc3e-2947-407c-883c-c53b043917c3,Dissection: Thalamus (THM) - Lateral nuclear complex (LNC) - ventral anterior nucleus of thalamus - VA,Human Brain Cell Atlas v1.0,10.1126/science.add7046,CC BY 4.0,cortex
a7b4f565-691d-43ea-bf4a-d2d1d52bb4b4,Dissection: Thalamus (THM) - Lateral nuclear complex of thalamus (LNC) - ventral group of lateral nucleus - VLN,Human Brain Cell Atlas v1.0,10.1126/science.add7046,CC BY 4.0,cortex
a5b5d1f3-dd8b-44f6-a685-15f0f741c062,Dissection: Thalamus (THM) - Subthalamic nucleus and nearby - STH,Human Brain Cell Atlas v1.0,10.1126/science.add7046,CC BY 4.0,cortex
367b55f4-d543-49aa-90e8-4765fcb8c687,Dissection: Thalamus (THM) - intralaminar nuclear complex (ILN) - posterior group of intralaminar nuclei (PILN) - centromedian and parafasicular nuclei - CM and Pf,Human Brain Cell Atlas v1.0,10.1126/science.add7046,CC BY 4.0,cortex
364348b4-bc34-4fe1-a851-60d99e36cafa,Dissection: Thalamus (THM) - intralaminar nuclear complex (ILN) - posterior group of intralaminar nuclei (PILN) - centromedian nucleus of thalamus - CM,Human Brain Cell Atlas v1.0,10.1126/science.add7046,CC BY 4.0,cortex
ecd9230d-c571-4dab-abd3-8b54c74833f0,Dissection: Thalamus (THM) - lateral nuclear complex of thalamus (LNC) - Pulvinar of thalamus - Pul,Human Brain Cell Atlas v1.0,10.1126/science.add7046,CC BY 4.0,cortex
fbf173f9-f809-4d84-9b65-ae205d35b523,Dissection: Thalamus (THM) - lateral nuclear complex of thalamus (LNC) - lateral posterior nucleus of thalamus + ventral posterior lateral nucleus - LP + VPL,Human Brain Cell Atlas v1.0,10.1126/science.add7046,CC BY 4.0,cortex
381aa407-317a-40ef-8048-7ce0eacc4266,Dissection: Thalamus (THM) - lateral nuclear complex of thalamus (LNC) - lateral posterior nucleus of thalamus - LP,Human Brain Cell Atlas v1.0,10.1126/science.add7046,CC BY 4.0,cortex
f6d9f2ad-5ec7-4d53-b7f0-ceb0e7bcd181,Dissection: Thalamus (THM) - lateral nuclear complex of thalamus (LNC) - ventral posterior lateral nucleus - VPL,Human Brain Cell Atlas v1.0,10.1126/science.add7046,CC BY 4.0,cortex
b8681124-aabf-4904-b9c9-66d834bf5bba,Dissection: Thalamus (THM) - medial nuclear complex of thalamus (MNC) - mediodorsal nucleus of thalamus + reuniens nucleus (medioventral nucleus) of thalamus - MD + Re,Human Brain Cell Atlas v1.0,10.1126/science.add7046,CC BY 4.0,cortex
5a73f63f-18a2-49b5-b431-2c469c41a41b,Dissection: Thalamus (THM) - medial nuclear complex of thalamus (MNC) - mediodorsal nucleus of thalamus - MD,Human Brain Cell Atlas v1.0,10.1126/science.add7046,CC BY 4.0,cortex
d2514440-d747-4d8d-b2c7-b58ef8b71fbe,Dissection: Thalamus (THM) - posterior nuclear complex of thalamus (PoN) - lateral geniculate nucleus (LG),Human Brain Cell Atlas v1.0,10.1126/science.add7046,CC BY 4.0,cortex
adda0684-f8ea-4403-b393-2a25607077c4,Dissection: Thalamus (THM) - posterior nuclear complex of thalamus (PoN) - medial geniculate nuclei (MG),Human Brain Cell Atlas v1.0,10.1126/science.add7046,CC BY 4.0,cortex
eb499fd8-7000-419f-8854-926b9b61b11f,Human CellCards Multi-Study CellRef 1.0 Atlas,Human CellCards Multi-Study CellRef 1.0 Atlas,10.1038/s41467-023-40173-5,CC BY 4.0,lung
e522d2cd-7927-4e59-a4ed-064009569279,Human Immune Health Atlas,Human Immune Health Atlas,10.1038/s41586-025-09686-5,CC BY 4.0,immune
30c2a6fd-d547-460f-a5e7-44c62a2af7ad,Human PBMC Glaucoma Atlas,Human PBMC Glaucoma Atlas - Immune Tolerance to HSP60 Attenuates Neurodegeneration in Glaucoma,,CC BY 4.0,immune
a19d1667-a7b5-4556-9e5f-f9bfa690c0f1,Human dermal fibroblast atlas,Human and mouse dermal fibroblast atlas,10.1101/2024.09.05.611379,CC BY 4.0,skin
0ba636a1-4754-4786-a8be-7ab3cf760fd6,HBCA - global,Human breast cell atlas,10.1038/s41588-024-01688-9,CC BY 4.0,breast
55003f67-c494-46f1-83fb-902745646379,Integrated HBCA,Human breast cell atlas,10.1038/s41588-024-01688-9,CC BY 4.0,breast
d9f3a82c-24bb-4277-b715-8ec92a33dd32,human cHSPCs - Illumina,"Human circulating hematopoietic stem and progenitor cells in aging, cytopenia and MDS",10.1038/s41591-025-03716-5,CC BY 4.0,immune
4a5b00e0-1ba3-4fd4-af89-d3512eb20720,human cHSPCs - Ultima,"Human circulating hematopoietic stem and progenitor cells in aging, cytopenia and MDS",10.1038/s41591-025-03716-5,CC BY 4.0,immune
f5be9ed2-5d41-4a52-91e4-4ff24ff84900,scRNA-seq of foveal and parafoveal retina,Human photoreceptor cells from different macular subregions have distinct transcriptional profiles,10.1093/hmg/ddab140,CC BY 4.0,eye
b3c9904b-2ffd-4038-8620-ee1c5b072e9c,Human muscle cells and nuclei,Human skeletal muscle ageing atlas,10.1038/s43587-024-00613-3,CC BY 4.0,muscle
821a8e3e-87ec-41ee-bd69-cd4377057d38,snRNA-seq of human subcutaneous adipose tissue - all cells,Human subcutaneous and visceral adipocyte atlases uncover classical and non-classical adipocytes and depot-specific patterns,10.1038/s41588-024-02048-3,CC BY 4.0,adipose
96baf2e0-60c5-48cf-b1d1-cba657851507,snRNA-seq of human visceral adipose tissue - all cells,Human subcutaneous and visceral adipocyte atlases uncover classical and non-classical adipocytes and depot-specific patterns,10.1038/s41588-024-02048-3,CC BY 4.0,adipose
58b01044-c5e5-4b0f-8a2d-6ebf951e01ff,A scRNA-seq atlas of immune cells at the CNS borders,Humoral immunity at the brain borders in homeostasis,10.1016/j.coi.2022.102188,CC BY 4.0,mouse_brain
dbb4e1ed-d820-4e83-981f-88ef7eb55a35,HypoMap – a unified single cell gene expression atlas of the murine hypothalamus,HypoMap – a unified single cell gene expression atlas of the murine hypothalamus,10.1038/s42255-022-00657-y,CC BY 4.0,mouse_brain
ec6ceff8-c8bc-488d-b6bf-30df2fa92169,Modeling Hepatoblastoma: Identification of Distinct Tumor Cell Populations and Key Genetic Mechanisms through Single Cell Sequencing,Identification of distinct tumor cell populations and key genetic mechanisms through single cell sequencing in hepatoblastoma,10.1038/s42003-021-02562-8,CC BY 4.0,liver
de2c780c-1747-40bd-9ccf-9588ec186cee,Immunophenotyping of COVID-19 and influenza highlights the role of type I interferons in development of severe COVID-19,Immunophenotyping of COVID-19 and influenza highlights the role of type I interferons in development of severe COVID-19,10.1126/sciimmunol.abd1554,CC BY 4.0,immune
ed5d841d-6346-47d4-ab2f-7119ad7e3a35,nygc multimodal pbmc,Integrated analysis of multimodal single-cell data,10.1016/j.cell.2021.04.048,CC BY 4.0,immune
e6dad530-418b-47f9-af6e-472e56a7b314,All cell types of human eye,Integration of eQTL and a Single-Cell Atlas in the Human Eye Identifies Causal Genes for Age-Related Macular Degeneration,10.1016/j.celrep.2019.12.082,CC BY 4.0,eye
4dd00779-7f73-4f50-89bb-e2d3c6b71b18,Intra- and Inter-cellular Rewiring of the Human Colon during Ulcerative Colitis,Intra- and Inter-cellular Rewiring of the Human Colon during Ulcerative Colitis,10.1016/j.cell.2019.06.029,CC BY 4.0,gut
429d21fd-bb9a-4abf-922b-c15138524bdd,scRNA-seq of lung biopsies from six human lung transplant cases,Ischemia Reperfusion Responses in Human Lung Transplants at the Single Cell Resolution,10.1016/j.ajt.2024.08.019,CC BY 4.0,lung
e7bd68ab-df49-44df-9b1e-8486114aeeb5,Human lymph node slices cultured with and without ex vivo stimulation by liposomal TLR4 and QS-21 adjuvant,LNCS: Atlas of healthy human lymph nodes with and without ex vivo adjuvant stimulation,10.1016/j.celrep.2025.115938,CC BY 4.0,immune
edbfa04a-f1dd-496a-8237-df11d70621ca,Human lymph nodes with partial T and B cell depletion,LNCS: Atlas of healthy human lymph nodes with and without ex vivo adjuvant stimulation,10.1016/j.celrep.2025.115938,CC BY 4.0,immune
edc8d3fe-153c-4e3d-8be0-2108d30f8d70,Airway,Local and systemic responses to SARS-CoV-2 infection in children and adults,10.1038/s41586-021-04345-x,CC BY 4.0,lung
2a498ace-872a-4935-984b-1afa70fd9886,PBMC,Local and systemic responses to SARS-CoV-2 infection in children and adults,10.1038/s41586-021-04345-x,CC BY 4.0,immune
3de0ad6d-4378-4f62-b37b-ec0b75a50d94,Single-cell multiomic profiling of human lungs across age groups,LungMAP — Human data from a broad age healthy donor group,10.7554/eLife.62522,CC BY 4.0,lung
5af90777-6760-4003-9dba-8f945fec6fdf,Single-cell transcriptomic datasets of Renal cell carcinoma patients,Mapping single-cell transcriptomes in the intra-tumoral and associated territories of kidney cancer,10.1016/j.ccell.2022.11.001,CC BY 4.0,immune; kidney
fd072bc3-2dfb-46f8-b4e3-467cb3223182,Full dataset of single-cell RNA-seq profiles from 9 developmental tissues across gestation (4-17 pcw),Mapping the developing human immune system across organs,10.1126/science.abo0510,CC BY 4.0,liver
9ddea8d9-cc4c-420a-90f6-880996f808d4,Non-pregnant Uterus (Endometrium - All),Mapping the temporal and spatial dynamics of the human endometrium in vivo and in vitro,10.1038/s41588-021-00972-2,CC BY 4.0,female_reproductive
cff99df2-4904-44f7-9173-ff837f95606e,all cells,Molecular Signatures of Resilience to Alzheimer’s Disease in Neocortical Layer 4 Neurons,10.1101/2024.11.03.621787,CC BY 4.0,cortex
3c361813-5d5e-4868-bfe5-e7591e7b5381,Single-nucleus transcriptome data from the dlPFC: Human,Molecular and cellular evolution of the primate dorsolateral prefrontal cortex,10.1126/science.abo7257,CC BY 4.0,cortex
3bbb6cf9-72b9-41be-b568-656de6eb18b5,BrainAgingSpatialAtlas_snRNAseq,Molecular and spatial signatures of mouse brain aging at single-cell resolution,10.1016/j.cell.2022.12.010,CC BY 4.0,mouse_brain
2727d83a-0af0-443a-bff8-58dc7028289a,Molecular characterization of selectively vulnerable neurons in Alzheimer’s Disease: Entorhinal Cortex,Molecular characterization of selectively vulnerable neurons in Alzheimer's Disease,10.1038/s41593-020-00764-7,CC BY 4.0,cortex
6c600df6-ddca-4628-a8bb-1d6de1e3f9b4,Molecular characterization of selectively vulnerable neurons in Alzheimer’s Disease: Superior frontal gyrus,Molecular characterization of selectively vulnerable neurons in Alzheimer's Disease,10.1038/s41593-020-00764-7,CC BY 4.0,cortex
3cb646ab-d411-4e5b-89eb-082a786c953b,"Sound Life Older Adult Females, CMV-negative",Multi-omic profiling reveals age-related immune dynamics in healthy adults,10.1038/s41586-025-09686-5,CC BY 4.0,immune
47e00f43-6176-44a5-b4d1-f88a1920fcab,"Sound Life Older Adult Males, CMV-negative",Multi-omic profiling reveals age-related immune dynamics in healthy adults,10.1038/s41586-025-09686-5,CC BY 4.0,immune
46104f0b-9af5-466a-ae0f-56b8dc1969a2,"Sound Life Young Adult Females, CMV-negative",Multi-omic profiling reveals age-related immune dynamics in healthy adults,10.1038/s41586-025-09686-5,CC BY 4.0,immune
420d0f5d-b7ba-4b1e-88d0-44e9f733febd,"Sound Life Young Adult Males, CMV-negative",Multi-omic profiling reveals age-related immune dynamics in healthy adults,10.1038/s41586-025-09686-5,CC BY 4.0,immune
e7c5ba7e-4be0-4696-af50-a07d0dc7aac5,BCC and Normal - scRNA-seq data,Multi-scale spatial mapping of cell populations across anatomical sites in healthy human skin and basal cell carcinoma,10.1073/pnas.2313326120,CC BY 4.0,skin
60a29d0b-1a37-4447-ac32-00d701580b47,multimodal benchmarking dataset for renal cortex characterization,Multimodal benchmarking dataset for renal cortex characterization (mBDRC),10.1101/2025.03.06.637075,CC BY 4.0,kidney
09b518f9-da64-44cc-aec8-70a89d55611f,multimodal benchmarking dataset for renal cortex characterization - multiome only (fragment files included),Multimodal benchmarking dataset for renal cortex characterization (mBDRC),10.1101/2025.03.06.637075,CC BY 4.0,kidney
1b350d0a-4535-4879-beb6-1142f3f94947,Immune aging project - all cells,Multimodal profiling reveals tissue-directed signatures of human immune cells altered with age,10.1038/s41590-025-02241-4,CC BY 4.0,gut; immune; liver; lung
19e46756-9100-4e01-8b0e-23b557558a4c,Single Cell Sequencing of Human PBMCs in Clonal Hematopoeisis of Indeterminant Potential,Multiomic Profiling of Human Clonal Hematopoiesis Reveals Genotype and Cell-Specific Inflammatory Pathway Activation,10.1182/bloodadvances.2023011445,CC BY 4.0,immune
43aa19d2-c723-4822-979d-d2f0239835e0,snmCT-seq of human dorsolateral prefrontal cortex (Brodmann area 46),Neuron type-specific effects of human aging and sex on DNA methylation and transcription,10.1016/j.neuron.2024.05.013,CC BY 4.0,cortex
65badd7a-9262-4fd1-9ce2-eb5dc0ca8039,DCM/ACM heart cell atlas: All cells,Pathogenic variants damage cell composition and single cell transcription in cardiomyopathies,10.1126/science.abo1984,CC BY 4.0,heart
3241c34f-581a-4de3-81fe-28e3de182680,Cross-sectional,Persistent T cell unresponsiveness associated with chronic visceral leishmaniasis in HIV-coinfected patients,10.1038/s42003-024-06225-2,CC BY 4.0,immune
5c97eeeb-7e52-44b3-b010-b832b1f5424c,HBCC_Cohort,Population-scale cross-disorder atlas of the human prefrontal cortex at single-cell resolution,10.1101/2024.10.31.24316513,CC BY 4.0,cortex
37a17b78-4864-4a42-b67b-31c00962795a,MSSM_Cohort,Population-scale cross-disorder atlas of the human prefrontal cortex at single-cell resolution,10.1101/2024.10.31.24316513,CC BY 4.0,cortex
5e57cd50-8e42-42d6-940d-5c1660d06864,RADC_Cohort,Population-scale cross-disorder atlas of the human prefrontal cortex at single-cell resolution,10.1101/2024.10.31.24316513,CC BY 4.0,cortex
829a3cd1-a466-49f1-b2e9-d3f6b7f392e2,progressive_plasticity_during_crc_metastasis_epithelial,Progressive plasticity during colorectal cancer metastasis,10.1038/s41586-024-08560-0,CC BY 4.0,gut
87a06a2a-16c6-42f7-af1b-529fad431051,Recruited macrophages elicit atrial fibrillation,Recruited macrophages elicit atrial fibrillation,10.1126/science.abq3061,CC BY 4.0,heart
8fcf0ccc-67b2-43a3-90be-075f85169bef,Airway,SARS-CoV-2 receptor ACE2 and TMPRSS2 are primarily expressed in bronchial transient secretory cells,10.15252/embj.20105114,CC BY 4.0,lung
2f132ec9-24b5-422f-9be0-ccef03b4fe28,Lung,SARS-CoV-2 receptor ACE2 and TMPRSS2 are primarily expressed in bronchial transient secretory cells,10.15252/embj.20105114,CC BY 4.0,lung
6f7fd0f1-a2ed-4ff1-80d3-33dde731cbc3,Whole Taxonomy - DLPFC: Seattle Alzheimer's Disease Atlas (SEA-AD),SEA-AD: Seattle Alzheimer’s Disease Brain Cell Atlas,10.1038/s41593-024-01774-5,CC BY 4.0,cortex
c2876b1b-06d8-4d96-a56b-5304f815b99a,Whole Taxonomy - MTG: Seattle Alzheimer's Disease Atlas (SEA-AD),SEA-AD: Seattle Alzheimer’s Disease Brain Cell Atlas,10.1038/s41593-024-01774-5,CC BY 4.0,cortex
99e317c0-1fab-4f73-b511-859e752fd1c3,Sex-Specific Control of Human Heart Maturation by the Progesterone Receptor.,Sex-Specific Control of Human Heart Maturation by the Progesterone Receptor,10.1161/CIRCULATIONAHA.120.051921,CC BY 4.0,heart
965386e9-1e4f-466d-bf59-ebdca4b66b9b,Single cell RNA sequencing of bone marrow mononuclear cells from healthy donors and B-cell lymphoma patients following CD19 CAR T-cell therapy,Single cell RNA sequencing of bone marrow mononuclear cells from healthy donors and B-cell lymphoma patients following CD19 CAR T-cell therapy,10.1016/j.xcrm.2023.101158,CC BY 4.0,immune
99950e99-2758-41d2-b2c9-643edcdf6d82,Single cell RNA sequencing of follicular lymphoma,Single cell RNA sequencing of follicular lymphoma,10.1158/2643-3230.BCD-21-0075,CC BY 4.0,immune
8058d760-09e6-4bdd-86a1-36917ffca3ef,"snRNA-seq of human ocular surface: cornea, limbus, sclera",Single cell atlas of the human ocular surface,,CC BY 4.0,eye
3c364ffe-d599-44d5-a77f-6c5fd7038cf6,snRNA-seq of human optic nerve and optic nerve head - all cells,Single cell atlas of the human optic nerve,,CC BY 4.0,eye
be41a86a-b606-4b1c-8055-32f334898775,scRNA-seq of human retina - all cells,Single cell atlas of the human retina,10.1101/2023.11.07.566105,CC BY 4.0,eye
d6505c89-c43d-4c28-8c4f-7351a5fd5528,snRNA-seq of human retina - all cells,Single cell atlas of the human retina,10.1101/2023.11.07.566105,CC BY 4.0,eye
5ed90bc0-12f3-4354-b314-0ce0dbb96458,scRNA-seq of human of the human retinal pigment epithelium and the choroid,Single cell atlas of the human retinal pigment epithelium and the choroid,,CC BY 4.0,eye
8560f809-5794-484e-9152-b63efa91d134,scRNA-seq of human ocular anterior segment: trabecular meshwork and ciliary body,Single cell atlas of the human trabecular meshwork and ciliary body,,CC BY 4.0,eye
978a566a-dc27-478d-b306-26daba116c1f,snRNA-seq of human ocular anterior segment: trabecular meshwork and ciliary body,Single cell atlas of the human trabecular meshwork and ciliary body,,CC BY 4.0,eye
e22482ee-19e8-40bc-9f6e-541dc3c82c20,All cells,Single cell dissection of plasma cell heterogeneity in symptomatic and asymptomatic myeloma,10.1038/s41591-018-0269-2,CC BY 4.0,immune
9df60c57-fdf3-4e93-828e-fe9303f20438,Single cell transcriptional and chromatin accessibility profiling redefine cellular heterogeneity in the adult human kidney - RNAseq,Single cell transcriptional and chromatin accessibility profiling redefine cellular heterogeneity in the adult human kidney,10.1038/s41467-021-22368-w,CC BY 4.0,kidney
84cfa5aa-a0d1-415e-ac47-eb66c9cf8170,Healthy and IFALD pediatric and adult human liver tissue,Single-Cell Atlas Of Human Pediatric Liver Reveals Age-Related Hepatic Gene Signatures,10.1097/HC9.0000000000000813,CC BY 4.0,liver
ddb22b3d-a75c-4dd1-9730-dff7fc8ca530,Healthy human liver: integrated,"Single-Cell, Single-Nucleus, and Spatial RNA Sequencing of the Human Liver Identifies Cholangiocyte and Mesenchymal Heterogeneity",10.1002/hep4.1854,CC BY 4.0,liver
9d8e5dca-03a3-457d-b7fb-844c75735c83,Human abdominal subcutaneous and intraabdominal white adipose tissue - 22 integrated samples,Single-Nucleus Analysis of Human White Adipose Tissue Reveals Adipocyte Subsets with Distinct Metabolic Profiles,10.1101/2025.09.14.673351,CC BY 4.0,adipose
3c75a463-6a87-4132-83a8-c3002624394d,Activated PBMCs - Expanded cohort CITE-seq,Single-cell Atlas of common variable immunodeficiency shows germinal center-associated epigenetic dysregulation in B-cell responses,10.1038/s41467-022-29450-x,CC BY 4.0,immune
f14bc322-1322-4184-8d16-409557525ea5,Single-cell RNA-seq analysis of Interstitial Lung Disease (ILD) subtypes,Single-cell RNA-seq analysis of Interstitial Lung Disease (ILD) subtypes,10.1038/s41588-024-01702-0,CC BY 4.0,lung
d18736c3-6292-4379-919a-d6d973204c87,Single-cell RNA-seq analysis reveals cell subsets and gene signatures associated with Rheumatoid Arthritis Disease Activity,Single-cell RNA-seq analysis reveals cell subsets and gene signatures associated with Rheumatoid Arthritis Disease Activity,10.1172/jci.insight.178499,CC BY 4.0,immune
218acb0f-9f2f-4f76-b90b-15a4b7c7f629,multiplexed scRNA-seq of 1.2 million PBMCs from adult lupus samples,Single-cell RNA-seq reveals the cell-type-specific molecular and genetic associations to lupus,10.1126/science.abf1970,CC BY 4.0,immune
f801b7a9-80a6-4d09-9161-71474deb58ae,"normal - Single-cell analyses of renal cell cancers reveal insights into tumor microenvironment, cell of origin, and therapy response","Single-cell analyses of renal cell cancers reveal insights into tumor microenvironment, cell of origin, and therapy response",10.1073/pnas.2103240118,CC BY 4.0,kidney
4ce8d8ec-b94c-4b79-afcb-b094336d8a78,Endothelial cells from human healthy donor liver samples,Single-cell and spatial transcriptomics characterisation of the immunological landscape in the healthy and PSC human liver,10.1016/j.jhep.2023.12.023,CC BY 4.0,liver
234c23d0-d6cd-4612-a40d-e5811727564b,Hepatocyte-1 cells from human healthy donor liver samples,Single-cell and spatial transcriptomics characterisation of the immunological landscape in the healthy and PSC human liver,10.1016/j.jhep.2023.12.023,CC BY 4.0,liver
76af615b-12fe-4ebb-b8c6-239ad29e26e3,Hepatocyte-2 cells from human healthy donor liver samples,Single-cell and spatial transcriptomics characterisation of the immunological landscape in the healthy and PSC human liver,10.1016/j.jhep.2023.12.023,CC BY 4.0,liver
b550fd94-97e0-42e2-90f7-7434781ea2f8,Macrophage cells from human healthy donor liver samples,Single-cell and spatial transcriptomics characterisation of the immunological landscape in the healthy and PSC human liver,10.1016/j.jhep.2023.12.023,CC BY 4.0,liver
43560d7c-acd6-4ede-830d-c9ffc6cd0862,Natural killer T cells from human healthy donor liver samples,Single-cell and spatial transcriptomics characterisation of the immunological landscape in the healthy and PSC human liver,10.1016/j.jhep.2023.12.023,CC BY 4.0,liver
456e8b9b-f872-488b-871d-94534090a865,Single-cell atlas of peripheral immune response to SARS-CoV-2 infection,Single-cell atlas of peripheral immune response to SARS-CoV-2 infection,10.1038/s41591-020-0944-y,CC BY 4.0,immune
3faad104-2ab8-4434-816d-474d8d2641db,Single-cell eQTL mapping identifies cell type specific genetic control of autoimmune disease,Single-cell eQTL mapping identifies cell type specific genetic control of autoimmune disease,10.1126/science.abf3041,CC BY 4.0,immune
2e9d2f32-4cfb-49b5-b990-cbf4c241214e,Single cell RNA-seq of human heart cells,Single-cell genomics improves the discovery of risk variants and genes of atrial fibrillation,10.1038/s41467-023-40505-5,CC BY 4.0,heart
19053a82-9c89-4fb8-bd19-d7b1800b0b7b,Extended+ - 18485 genes,Single-cell integration reveals metaplasia in inflammatory gut diseases,10.1038/s41586-024-07571-1,CC BY 4.0,gut
c7775e88-49bf-4ba2-a03b-93f00447c958,Single-cell multi-omics analysis of the immune response in COVID-19,Single-cell multi-omics analysis of the immune response in COVID-19,10.1038/s41591-021-01329-2,CC BY 4.0,immune
322c816f-608a-4da1-99c4-36ca4ad45146,Joint scRNA-seq and scATAC-seq atlas of the adult human retina,Single-cell multiome of the human retina and deep learning nominate causal variants in complex eye diseases,10.1016/j.xgen.2022.100164,CC BY 4.0,eye
cd4c96bb-ad66-4e83-ba9e-a7df8790eb12,3 healthy young and 3 healthy old bone marrow donors (Reference sample),Single-cell proteo-genomic reference maps of the hematopoietic system enable the purification and massive profiling of precisely defined cell states,10.1038/s41590-021-01059-0,CC BY 4.0,immune
1f1c5c14-5949-4c81-b28e-b272e271b672,Single-cell reconstruction of follicular remodeling in the human adult ovary,Single-cell reconstruction of follicular remodeling in the human adult ovary,10.1038/s41467-019-11036-9,CC BY 4.0,female_reproductive
124744b8-4681-474a-9894-683896122708,Single-cell transcriptomes of the human skin reveal age-related loss of fibroblast priming,Single-cell transcriptomes of the human skin reveal age-related loss of fibroblast priming,10.1038/s42003-020-0922-4,CC BY 4.0,skin
0129dbd9-a7d3-4f6b-96b9-1da155a93748,All major cell types in adult human retina,Single-cell transcriptomic atlas for adult human retina,10.1016/j.xgen.2023.100298,CC BY 4.0,eye
aad97cb5-f375-45ef-ae9d-178e7f5d5180,Retinal ganglion cells in human retina,Single-cell transcriptomic atlas for adult human retina,10.1016/j.xgen.2023.100298,CC BY 4.0,eye
856c1b98-5727-49da-bf0f-151bdb8cb056,Retina,Single-cell transcriptomic atlas of the human retina identifies cell types associated with age-related macular degeneration,10.1038/s41467-019-12780-8,CC BY 4.0,eye
01209dce-3575-4bed-b1df-129f57fbc031,Single-cell transcriptomics of human T cells reveals tissue and activation signatures in health and disease,Single-cell transcriptomics of human T cells reveals tissue and activation signatures in health and disease,10.1038/s41467-019-12464-3,CC BY 4.0,immune; lung
3a702020-cf66-4ef5-9d11-4a5e835b7efb,The regulatory landscapes of the human ovarian aging(snRNA-seq),Single-nuclei multi-omics profiling of human ovary reveals coordinated aging signature and pinpoints causal variants underlying timing of natural menopause,10.1101/2022.05.18.492547,CC BY 4.0,female_reproductive
61af564d-e5ea-4d34-a0f3-2668a00db376,snRNA-seq analyses of breast tissues of healthy women of diverse genetic ancestry,Single-nucleus chromatin accessibility and transcriptomic map of breast tissues of women of diverse genetic ancestry,10.1038/s41591-024-03011-9,CC BY 4.0,breast
4ed927e9-c099-49af-b8ce-a2652d069333,Single-nucleus cross-tissue molecular reference maps to decipher disease gene function,Single-nucleus cross-tissue molecular reference maps to decipher disease gene function,10.1126/science.abl4290,CC BY 4.0,breast; heart; lung; muscle; skin
f3c49918-4707-4d92-bb6d-2b5b4eb9d1b4,AmyG region,Single-nucleus transcriptome analysis reveals cell-type-specific molecular signatures across reward circuitry in the human brain,10.1016/j.neuron.2021.09.001,CC BY 4.0,cortex
07dd8c34-4625-480a-8ee4-273a06c3082b,DLPFC region,Single-nucleus transcriptome analysis reveals cell-type-specific molecular signatures across reward circuitry in the human brain,10.1016/j.neuron.2021.09.001,CC BY 4.0,cortex
95d3b0fb-b8a7-4bec-a2e8-cded3222ff07,HPC region,Single-nucleus transcriptome analysis reveals cell-type-specific molecular signatures across reward circuitry in the human brain,10.1016/j.neuron.2021.09.001,CC BY 4.0,cortex
d7cff847-6403-44a6-ad8a-2f5a783639dd,NAC region,Single-nucleus transcriptome analysis reveals cell-type-specific molecular signatures across reward circuitry in the human brain,10.1016/j.neuron.2021.09.001,CC BY 4.0,cortex
a24ce10f-5a87-4e1f-a34a-f4fe5fc84052,SACC region,Single-nucleus transcriptome analysis reveals cell-type-specific molecular signatures across reward circuitry in the human brain,10.1016/j.neuron.2021.09.001,CC BY 4.0,cortex
e3cc5b85-62ec-4add-bee3-73c8fd11e59d,Nasal scRNA-Seq Dataset,Smoking modulates different secretory subpopulations expressing SARS-CoV-2 entry genes in the nasal and bronchial airways,10.1038/s41598-022-17832-6,CC BY 4.0,lung
1c739a3e-c3f5-49d5-98e0-73975e751201,All-snRNA-Spatial multi-omic map of human myocardial infarction,Spatial multi-omic map of human myocardial infarction,10.1038/s41586-022-05060-x,CC BY 4.0,heart
e84f2780-51e8-4cfa-8aa0-13bbfef677c7,All cells from human liver dataset,Spatial proteogenomics reveals distinct and evolutionarily conserved hepatic macrophage niches,10.1016/j.cell.2021.12.018,CC BY 4.0,liver
16023185-de21-4c0d-a9c8-73abdd52d142,All Cells,Spatially organized multicellular immune hubs in human colorectal cancer,10.1016/j.cell.2021.08.003,CC BY 4.0,gut
d567b692-c374-4628-a508-8008f6778f22,Combined single cell and single nuclei RNA-Seq data - Heart Global,Spatially resolved multiomics of human cardiac niches,10.1038/s41586-023-06311-1,CC BY 4.0,heart
9ea768a2-87ab-46b6-a73d-c4e915f25af3,Mature kidney dataset: full,Spatiotemporal immune zonation of the human kidney,10.1126/science.aat5031,CC BY 4.0,kidney
98e5ea9f-16d6-47ec-a529-686e76515e39,All - A single-cell transcriptomic atlas characterizes ageing tissues in the mouse - Smart-seq2,Tabula Muris Senis,10.1038/s41586-020-2496-1,CC BY 4.0,mouse_brain
53d208b0-2cfd-4366-9866-c3c6114081bc,Tabula Sapiens - All Cells,Tabula Sapiens,10.1126/science.abl4896,CC BY 4.0,adipose; eye; female_reproductive; gut; heart; immune; liver; lung; muscle; skin
9f222629-9e39-47d0-b83f-e08d610c7479,An integrated cell atlas of the human lung in health and disease (full),The integrated Human Lung Cell Atlas,10.1038/s41591-023-02327-2,CC BY 4.0,lung
fe4b89d5-461e-440c-a5a8-621b37b122c0,TI epithelial,The landscape of immune dysregulation in Crohn’s disease revealed through single-cell transcriptomic profiling in the ileum and colon,10.1016/j.immuni.2023.01.002,CC BY 4.0,gut
a37f857c-779f-464e-9310-3db43a1811e7,TI immune,The landscape of immune dysregulation in Crohn’s disease revealed through single-cell transcriptomic profiling in the ileum and colon,10.1016/j.immuni.2023.01.002,CC BY 4.0,gut
0f4865d5-8000-4f68-8ac7-f5efea9e5e70,TI stromal,The landscape of immune dysregulation in Crohn’s disease revealed through single-cell transcriptomic profiling in the ileum and colon,10.1016/j.immuni.2023.01.002,CC BY 4.0,gut
5ce42b38-d867-487f-9b40-e8bb00b21d0b,colon epithelial,The landscape of immune dysregulation in Crohn’s disease revealed through single-cell transcriptomic profiling in the ileum and colon,10.1016/j.immuni.2023.01.002,CC BY 4.0,gut
518d9049-2a76-44f8-8abc-1e2b59ab5ba1,colon immune,The landscape of immune dysregulation in Crohn’s disease revealed through single-cell transcriptomic profiling in the ileum and colon,10.1016/j.immuni.2023.01.002,CC BY 4.0,gut
6cf3634d-e911-44ad-bf52-c747a9af3c01,colon stromal,The landscape of immune dysregulation in Crohn’s disease revealed through single-cell transcriptomic profiling in the ileum and colon,10.1016/j.immuni.2023.01.002,CC BY 4.0,gut
12990215-ad1a-4106-8536-7388327a616f,Single-nucleus RNA sequencing of M2: T3 vs control,Thyroid hormone remodels cortex to coordinate body-wide metabolism and exploration,10.1016/j.cell.2024.07.041,CC BY 4.0,mouse_brain
1229ecc2-b067-4664-91da-0251aec31574,Single-nucleus RNA sequencing of M2: WT-THR vs DN-THR,Thyroid hormone remodels cortex to coordinate body-wide metabolism and exploration,10.1016/j.cell.2024.07.041,CC BY 4.0,mouse_brain
21d3e683-80a4-4d9b-bc89-ebb2df513dde,Time-resolved Systems Immunology Reveals a Late Juncture Linked to Fatal COVID-19: Adaptive Cells,Time-resolved Systems Immunology Reveals a Late Juncture Linked to Fatal COVID-19,10.1016/j.cell.2021.02.018,CC BY 4.0,immune
30cd5311-6c09-46c9-94f1-71fe4b91813c,Time-resolved Systems Immunology Reveals a Late Juncture Linked to Fatal COVID-19: Innate Cells,Time-resolved Systems Immunology Reveals a Late Juncture Linked to Fatal COVID-19,10.1016/j.cell.2021.02.018,CC BY 4.0,immune
f512b8b6-369d-4a85-a695-116e0806857f,Skin,Transcriptional Programming of Normal and Inflamed Human Epidermis at Single-Cell Resolution,10.1016/j.celrep.2018.09.006,CC BY 4.0,skin
0e1c7067-8833-4f54-8847-ad7d33d09c10,Transcriptional profiling of murine oligodendrocyte precursor cells across the lifespan,Transcriptional profiling of murine oligodendrocyte precursor cells across the lifespan,10.1101/2024.10.27.620502,CC BY 4.0,mouse_brain
c893ddc3-f25b-45e2-8c9e-155918b4261c,Transcriptional responses of the human dorsal striatum in opioid use disorder implicates cell type-specifc programs,Transcriptional responses of the human dorsal striatum in opioid use disorder implicates cell type-specifc programs,10.1038/s41467-024-45165-7,CC BY 4.0,cortex
9f1a899f-05a0-44c5-8aa9-39df61ae4324,Transcriptome of human posterior ocular segment,Transcriptomic Analysis of the Ocular Posterior Segment Completes a Cell Atlas of the Human Eye,10.1073/pnas.2306153120,CC BY 4.0,eye
8f4f8502-9170-4ac2-9707-3b6985ebfe5f,CAREBANK,Transcriptomic and spatial dissection of human ex vivo right atrial tissue reveals proinflammatory microvascular changes in ischemic heart disease,10.1016/j.xcrm.2024.101556,CC BY 4.0,heart
f1606894-59df-4794-a37f-baa7c6fb6de1,PERIHEART,Transcriptomic and spatial dissection of human ex vivo right atrial tissue reveals proinflammatory microvascular changes in ischemic heart disease,10.1016/j.xcrm.2024.101556,CC BY 4.0,heart
f5b0810c-1664-4a62-ad06-be1d9964aa8b,Dissection: Angular gyrus (AnG),Transcriptomic cytoarchitecture reveals principles of human neocortex organization,10.1126/science.adf6812,CC BY 4.0,cortex
be401db3-d732-408a-b0c4-71af0458b8ab,Dissection: Anterior cingulate cortex (ACC),Transcriptomic cytoarchitecture reveals principles of human neocortex organization,10.1126/science.adf6812,CC BY 4.0,cortex
716a4acc-919e-4326-9672-ebe06ede84e6,Dissection: Dorsolateral prefrontal cortex (DFC),Transcriptomic cytoarchitecture reveals principles of human neocortex organization,10.1126/science.adf6812,CC BY 4.0,cortex
e2808a6e-e2ea-41b9-b38c-4a08f1677f02,Dissection: Primary auditory cortex(A1),Transcriptomic cytoarchitecture reveals principles of human neocortex organization,10.1126/science.adf6812,CC BY 4.0,cortex
93cb76aa-a84b-4a92-8e6c-66a914e26d4c,Dissection: Primary somatosensory cortex (S1),Transcriptomic cytoarchitecture reveals principles of human neocortex organization,10.1126/science.adf6812,CC BY 4.0,cortex
8d1dd010-5cbc-43fb-83f8-e0de8e8517da,Dissection: Primary visual cortex(V1),Transcriptomic cytoarchitecture reveals principles of human neocortex organization,10.1126/science.adf6812,CC BY 4.0,cortex
a5d5c529-8a1f-40b5-bda3-35208970070d,Human Multiple Cortical Areas SMART-seq,Transcriptomic cytoarchitecture reveals principles of human neocortex organization,10.1126/science.adf6812,CC BY 4.0,cortex
01ad3cd7-3929-4654-84c0-6db05bd5fd59,Type I interferon autoantibodies are associated with systemic immune alterations in patients with COVID-19,Type I interferon autoantibodies are associated with systemic immune alterations in patients with COVID-19,10.1126/scitranslmed.abh2624,CC BY 4.0,immune
2672b679-8048-4f5e-9786-f1b196ccfd08,Lung Parenchyma,"scRNA-seq assessment of the human lung, spleen, and esophagus tissue stability after cold preservation",10.1186/s13059-019-1906-x,CC BY 4.0,lung
644a578d-ffdc-446b-9679-e7ab4c919c13,Spleen,"scRNA-seq assessment of the human lung, spleen, and esophagus tissue stability after cold preservation",10.1186/s13059-019-1906-x,CC BY 4.0,immune
867757c1-3b1a-49d9-a0cd-17767eb160cc,snRNA-seq of human kidney with ureteral obstruction,snRNA-seq of human kidney with ureteral obstruction,10.1038/s41467-025-59997-4,CC BY 4.0,kidney
